X, sigma
98.592,72.41200000000001
124.907,36.827
1.07,.29
91.604,25.373
2.15,.8100000000000001
1.05,.27
58.551,46.795
.023,.0043
94.118,78.483
2.1,1.06
.5884,.0073
130.03,64.27800000000001
.5495,.036
.99,.093
.5891,.0074
1.03,.37
2.22,.83
2.09,1.03
1.04,.31
8.125999999999999,3.8
.0772,.0542
.319,.238
.339,.166
.405,.165
.0921,.0482
.316,.217
.126,.0477
.335,.18
.145,.0607
.017,.024
.4,.153
3951.4,1414.1
.28,.092
.058,.019
.027,.013
.6870000000000001,.078
.71,.072
.29,.12
1.21,.128
1299,1247.4
.902,.171
.694,.043
.3038,.011
5078.5,2265.4
.842,.08
.99,.031
.058,.017
.046,.022
.28,.091
7434.7,2768.5
.06,.006
.646,.04
.102,.026
.025,.006
.017,.009
.023,.034
.711,.035
.036,.015
1.154,.14
.1907,.0323
.27,.1
.909,.069
.589,.035
5.562,1.141
.862,.16
.123,.047
.005,.004
.189,.042
.068,.013
.095,.056
.14,.081
.012,.012
.048,.018
4.85,1.39
.055,.048
.186,.198
.024,.061
4.72,1.26
.091,.023
.668,.049
.19,.034
.006,.029
.156,.046
.192,.038
.128,.074
.012,.006
.008,.044
.013,.006
.012,.03
.711,.035
.772,.174
.114,.057
.514,.038
.005,.004
.191,.035
.71,.116
.015,.063
.121,.055
.123,.03
2.12,1.27
.108,.052
.363,.163
.578,.04
.918,.176
.14,.042
0,.012
.598,.036
.158,.046
5.721,1.644
2.68,.93
.499,.051
.039,.035
1.09,2.109
.113,.064
.315,.038
.353,.059
.001,.043
.099,.053
.099,.015
.192,.04
.181,1.883
.005,1.441
.002,.02
.192,.034
.036,.042
.094,.057
.524,.966
.017,.008
.109,.05
.948,1.128
.107,.056
.108,.085
1.809,1.939
1.691,.954
.12,.057
.065,.049
.125,.055
.093,.022
.153,.067
.141,.069
.174,.04
.134,.062
7.222,1.322
.015,1.439
.079,.069
.147,1.725
.022,.006
.093,.018
.198,.096
7.833,1.405
.03,1.404
.017,.005
6.74,1.031
.136,.039
.027,.007
.004,.077
.171,.106
.038,.007
.094,.037
.047,.064
.014,.034
.027,.016
.057,.016
.03,.017
8.65,1.43
6.299,1.362
.153,.067
.068,.033
.019,.121
.008,.007
.036,.01
.135,.073
.018,.005
.008,.014
.108,.096
.015,.009
.148,.076
.045,.022
.099,.085
.191,.044
.18,.167
.126,.054
.17,.061
.066,.013
.021,.041
.61,.21
.019,.012
.113,.125
.097,.059
.016,.072
.104,.063
.091,.209
.026,.005
.009,.001
.77,.26
.232,.218
.089,9.24
.02,.042
.095,.04
.269,.206
.123,.05
.279,.193
.174,.038
.179,.107
.022,.002
.19,.035
.013,.033
.027,.005
.114,.101
.105,.049
.098,.016
.208,.124
7.892,1.363
.105,.062
.293,.193
9.525,103.351
.209,.127
.008,.004
.016,.056
.73,.25
.239,.065
.66,.21
.007,.004
.001,.0026
.051,.032
.009,.012
.002,.002
.102,.049
1.759,3.185
.011,.006
.471,1.349
.033,.02
.012,.161
.095,.099
.281,.144
.508,.663
.237,.042
.072,.078
.142,.138
.376,3.037
.021,.042
.172,.039
.016,.033
7.435,5.267
.0031,.0026
.68,.26
.349,5.449
.01,.001
.408,.519
.263,1.494
.105,.13
.008,.001
5.635,1.136
.068,.032
1.652,3.07
.0075,.0026
.253,.077
277.36,162.431
5.607,3.849
.061,.155
.177,.125
.06,.061
3.193,2.096
.71,.25
.037,.025
.0016,.003
.044,.01
.054,.026
.024,.06
.987,.196
4.635,1.347
4.102,1.096
.272,.026
.246,.025
.17,.024
.82,.175
.25,.025
.153,.024
.229,.024
.238,.026
.262,.03
1.26,.45
.59,.33
.749,.252
.632,.336
.616,.324
.84,.39
.9,.37
.543,.237
.701,.314
.84,.39
.6879999999999999,.242
.048,.017
2.368,.9419999999999999
.01,.004
.109,.024
1.487,.375
.17,.046
.02,.004
1.487,.375
1.81,.308
.041,.021
1.606,.8169999999999999
.072,.021
.8,.229
2.76,.6
2.512,.784
2.413,1.075
1.29,.46
.328,.6889999999999999
.91,.146
2.422,.993
1.29,.46
3.782,2.063
2.368,.9419999999999999
.14,1.38
.243,1.049
.056,.019
1.399,.329
2.76,.6
.017,.059
.022,.004
.001,.033
.01,.019
.007,.021
.02,.006
.017,.003
.003,.003
.019,.003
.038,.036
.002,.06
.13,.043
.035,.035
.022,.004
.016,.033
.128,.031
.105,.047
.108,.033
.021,.006
.001,.001
2.6,1.23
.389,.143
.001,.005
.275,.111
.216,.133
.013,.005
.063,.024
.002,.005
.025,.006
.144,.138
.017,.005
.222,.09
.002,.003
.09,.032
.394,.135
.036,.007
.31,.103
.5629999999999999,.127
.021,.006
.013,.005
.042,.026
.03,.01
.029,.01
.02,.006
.247,.092
.353,.147
.012,.006
.035,.007
.022,.005
.395,.111
2.6,1.23
.024,.006
.223,.186
.342,.141
.022,.006
.014,.005
.071,.021
.305,.119
.045,.024
.178,.179
.024,.006
.08,.033
.02,.006
.5669999999999999,.134
.0087,.0035
.0081,.003
.0084,.0035
.0099,.0036
.0084,.005
.0098,.0042
.78,.32
.0094,.0036
.82,.49
.0112,.0041
.82,.49
.78,.32
.0092,.0031
.0015,.0018
.0031,.003
0,.0007
.0082,.003
.004,.003
.0066,.0037
.0022,.0033
.0014,.002
.0011,.0031
.0007,.0009
.0046,.0042
.0026,.0051
.0049,.0046
.0021,.0028
.0015,.0028
.0032,.0022
.0181,.005
.0061,.003
.0067,.0029
.0142,.0048
.0087,.0035
.0084,.0035
.006,.0037
.008,.0034
.007,.0039
2.77,2.47
3.96,1.43
2.97,1.57
5.5,1.41
4.21,1.62
4.4,1.82
3.12,1.21
1.87,1.41
3.23,1.37
3.24,1.81
1.35,1.25
4.37,1.29
3.06,1.21
3.71,1.39
3.64,1.21
3.98,1.55
1.84,.41
6.06,1.5
3.07,1.43
.84,.41
2.74,1.1
19.32,11.11
16.71,9.35
29.52,23.65
11.82,5.96
25.37,16.71
30.73,35.63
.13,.11
.52,.26
.13,.25
.68,.52
.088,.052
.145,.084
.02,.005
.15,.042
.103,.041
.022,.041
.5679999999999999,.205
.1,.04
.101,.172
.279,.104
.096,.035
.123,.051
.091,.039
.037,.073
1.137,.274
.01,.027
.012,.113
.076,.042
.099,.028
.058,.036
.042,.038
.072,.028
.045,.037
.072,.033
.014,.019
.105,.026
.042,.045
.121,.129
.107,.076
.322,.183
.526,.165
0,.104
.504,.309
.13,.092
.29,.108
28.776,1.576
.11,.033
.002,.02
.113,.043
.022,.124
.032,.077
.007,.021
.089,.033
.111,.04
.116,.077
.162,.044
.329,.093
.003,.023
.048,.041
.09,.052
.086,.067
.091,.035
.498,.029
.028,.032
.201,.058
.113,.036
.109,.042
.046,.03
.045,.081
.256,.163
.074,.035
.078,.036
4.209,1.102
.127,.033
.023,.047
.02,.005
.091,.065
.15,.049
.086,.203
.104,.032
.068,.027
.305,.106
2.864,1.425
.352,.172
.637,.124
.632,.117
.37,.104
.392,.099
3.184,1.399
.556,.334
.401,.199
.26,.131
.243,.183
.273,.103
.178,.093
.235,.104
.274,.13
.08,.045
.045,.088
.081,.079
.088,.037
.0152,.079
.035,.041
.083,.071
.413,.091
.014,.09
.263,.095
.041,.032
.03,.076
.003,.062
.331,.089
.064,.044
.171,.04
.053,.035
.058,.104
1.58,.72
.04,.018
.266,.0347
.035,.047
.396,.0372
.84,.51
.067,.024
.002,.011
.00682,.00119
.153,.049
.00792,.00119
.216,.047
.096,.041
.012,.011
.026,.02
.16,.045
.00873,.0012
.022,.034
.004,.003
.001,.004
.67,.54
.305,.0351
.032,.031
.107,.047
1.05,.53
.442,.0372
.00961,.00121
.156,.045
.719,.235
.108,.032
.306,.164
.5570000000000001,.081
.23,.069
3.72,1.647
1.39,.82
.1,.03
.082,.019
.643,.335
5.381,1.946
.119,.06
.023,.032
.139,.054
1.661,.582
1.88,1
1.83,1.01
.769,.341
.0171,.325
.076,.018
.045,.028
.05,.059
.248,.075
.34,.127
.09,.61
.791,.267
.273,.141
1.6,.8100000000000001
.004,.03
.7,.6
.088,.049
0,.027
.553,.084
.005,.054
.0143,1.199
.274,.329
.026,.063
.041,.043
.019,.049
.011,.061
.6899999999999999,.58
.043,.053
.881,.726
.11,.064
.099,.054
.044,.059
1.11,.76
.023,.047
.011,.052
.112,.05
.09,.064
.05,.048
.927,.735
.088,.056
.127,.068
.005,.049
.138,.055
3.603,1.914
.015,.049
.033,.053
.163,.695
.736,1.018
.042,.053
.0603,1.232
.077,.057
.004,.051
1.056,.573
.579,.216
.008,.047
.009,.066
.01,.046
.024,.07
.099,.205
.085,.057
.003,.054
.37,.122
2.037,.899
1.22,.73
.061,.05
.085,.056
.089,.047
.055,.053
.011,.047
.046,.051
.041,.05
1.27,.75
.085,.055
.007,.053
.117,.051
.022,.061
.654,.179
.012,.051
.031,.05
.127,.062
.087,.052
.556,.259
.151,.088
1.73,1.13
.149,.317
.31,.26
.0352,.00938
.9360000000000001,.34
.431,.471
.00999,.0157
.027,.0144
.08,.28
.0143,.0104
.89,.38
.931,.516
.323,.165
24.263,9.944000000000001
.091,.06
.035,.007
18.2,5.8
3.6,8
8.663,4.008
.09,.47
6.281,2.866
.387,.212
.068,.034
274,278
1.6,.77
.09,.038
.023,.006
11989,7204
2.41,1.11
.76,.95
36.253,12.494
1.89,.66
.36,.79
.027,.004
.017,.012
.014,.005
.015,.006
.015,.009
1.262,.569
1.4,.662
2.678,1.042
2.206,.76
.047,.059
.069,.034
.123,.054
3.03,.836
.087,.047
1.74,.8110000000000001
.05,.051
.072,.03
.055,.034
.019,.059
.01,.009
.244,.078
.077,.074
.148,.068
.008,.009
.098,.038
.015,.016
.084,.094
.062,.067
.018,.017
.01,.014
.797,.294
.022,.004
.026,.004
.519,.179
.007,.01
.024,.004
.019,.01
.012,.007
.0916,.265
.0151,.0129
.000658,.00933
.0916,.265
.0359,.0109
.022,.012
.175,.0546
.0151,.0129
.000658,.00933
.0165,.0099
.006,.011
.0165,.0099
.01,.011
.175,.0546
.001,.006
.0359,.0109
.01,.005
.027,.009
.01,.007
.002,.001
.004,.003
.001,.004
1,.19182812
1,3.2786885
1,1.8621974
1,4.1666667
1,.6514658
1,1.4992504
1,.14218683
1,.14365752
1,.18964536
1,.31948882
1,.22563177
1,.37907506
1,1.2195122
1,.31989763
1,.3617945
1,.17507003
1,.21213407
1,.6377551
1,.22426553
1,.54466231
1,.10249052
1,.12468828
1,.08438819
1,.2543882
1,.18027763
1,.2119093
1,.7598784200000001
1,1.0893246
1,.56721497
1,.28538813
1,.49776008
1,.18063584
1,.12459507
1,.1325381
1,.11462632
1,.28216704
.837,.381
.828,.397
.868,.405
.916,.438
.0184,.0037
.0181,.0052
.049,.043
.098,.041
.001,.04
.09,.056
.158,.055
.002,.041
.063,.044
.1,.044
.049,.043
.853,.434
.095,.844
.851,.424
.081,.043
.085,.041
.082,.838
.088,.011
.036,.005
.016,.008
.0139,.025
.014,.014
.001,.008
.039,.005
.006,.006
.192,.019
.098,.058
.158,.033
0,.002
.013,.02
.151,.018
30.588,13.07
.186,.08
.423,.152
.888,.322
.132,.0837
.694,.244
.798,.32
.219,.0778
.143,.0598
.218,.247
.475,.185
.729,.244
.102,.0217484
.438,.142
.583,.216
.439,.14
.446,.136
.041,.02204301
.364,.111
.391,.169
.964,.262
.735,.241
3.769,.966
6.199,1.931
3.166,1.102
.328,.13
4.94,1.201
8.83,2.34
.494,.135
.555,.215
.768,.34
4.144,1.924
.0653,.0282
.1617,.1064
.0591,.0269
.197,.464
.0476,.02
.1304,.0886
.253,.0914
1.015,.594
2.885,2.284
2.0579,.6347
.364,.111
.185,.0886
.0108,.0121
.00897,.00637
.0539,.0168
.0695,.037
.0261,.0219
.0307,.0152
.114,.0562
.0223,.0121
.101,.0387
.00181,.0115
.141,.0604
.0447,.0146
.14,.0775
13.97,8.91
.054,.038
.218,.0911
9.289999999999999,1.37
.408,.168
.14,.0618
17.6,5.34
5.19,3.7
6.44,1.89
.265,.135
.04,.039
.023,.038
.246,.05
.182,.046
.641,.226
.283,.161
.519,.179
.304,.186
.074,.124
.621,.383
.007,.008
.005,.008
.576,.364
.052,.273
.198,.236
1.04,.525
.595,.356
1.751,1.005
.345,.164
.8070000000000001,.489
.288,.262
.261,.167
1.151,.837
.209,.173
.171,.084
.107,.155
.478,.491
.251,.123
.07,.033
3.42,1.27
3.09,1.77
3.05,2.09
.078,.029
2.79,1.84
40.12,29.22
23.76,12.19
28.27,14.09
3.77,2.44
10,2.88
36.54,17.62
.065,.029
.179,.256
39.65,19.51
.163,.082
5.366,1.125
3.94,1.92
1.96,.97
3.819,1.477
.143,.073
2.614,1.014
.05,.043
.079,.041
.018,.9
4.203,.729
2.773,1.058
.098,.099
.036,.03
3.95,1.81
.046,.039
.152,.078
.013,.008
.112,.055
.054,.025
.127,.067
.043,.038
.021,.01
.058,.025
.059,.022
.047,.031
5.692,1.197
.115,.053
.095,.046
3.359,1.296
.046,.032
5.131,.9
.195,.097
.028,.07
.087,.035
1.73,.74
.073,.098
.063,.024
4.05,1.74
5.554,2.227
.102,.044
3.916,.671
50.01,15.26
48.87,30.05
.057,.02
44.89,17.42
.09,.043
.039,.072
.082,.045
.019,.011
.016,.009
.115,1.042
.062,.021
.152,.0126
3.63,2.21
5.544,.982
2.858,1.18
3.77,2.7
.113,.675
.056,.095
.034,.07
.067,.029
.122,.066
.017,.009
.014,.008
.077,.033
.057,.019
.315,.125
.283,.143
.014,.038
.082,.038
.636,.323
1.715,1.006
.234,.091
1.637,.992
.084,.028
.056,.087
.029,.033
.033,.095
.009,.033
.062,.089
.293,.137
.323,.167
.012,.03
.02,.03
.068,.03
.32,.158
.038,.03
.281,.106
.22,.104
.044,.024
.066,.037
.034,.029
.273,.136
.059,.046
.348,.163
.8070000000000001,.489
.093,.056
1.151,.837
.415,.143
.015,.045
.038,.039
.133,.129
.109,.088
.085,.105
4.681,1.2
.046,.045
5.171,.911
.877,.804
.416,.15
.05,.043
5.434,1.001
1.179,1.136
.028,.052
.554,.215
1.373,1.186
.824,.829
5.504,1.104
.004,.011
.471,.193
.15,.105
.08,.251
.32,.29
1.252,.413
.008,.348
.075,.029
.4,.26
.016,.009
1.041,.272
.041,.272
.113,.365
.92,.251
1.052,.266
1.322,.461
.151,.403
.052,.266
1.074,.377
.063,.019
.153,.098
.009,.018
.112,.04
.025,.012
.02,.03
.088,.05
.113,.046
.0969,.0939
.017,.01
.08,.029
.01,.053
.069,.092
.132,.05
.0435,.209
.015,.009
.087,.034
.078,.03
.112,.04
.079,.042
.02,.007
.078,.1
.109,.038
.149,.15
.147,.145
.277,.16
.1644,.17
.267,.038
.249,.148
.632,.318
.152,.185
.347,.041
.106,.02
.092,.04
.65,.19
.83,.22
.49,.15
.7,.16
.19,.05
.21,.06
.206,.226
.083,.5669999999999999
.022,.066
.023,.026
.125,.124
.037,.028
.032,.022
.022,.021
26.2,11.5
15.2,10.4
.71,.23
.25,.09
.89,.24
.17,.05
.54,.22
.6,.17
.73,.18
.44,.13
.96,.26
.53,.14
.2,.06
.75,.22
1.21,.31
.93,.22
.82,.2
.14,.06
.22,.06
.08,.04
2.306,.532
.62,.298
.41,.2
.452,.149
1.071,.482
1.261,.6870000000000001
.32,.07
.11,.06
.14,.09
1.189,.408
.056,.026
.995,.194
5.52,.16
.37,.08
6.58,.09
.22,.08
.22,.1
1.246,.233
.14,.08
.1,.07
.45,.19
.0291,.222
.5629999999999999,.156
.52,.11
.63,.11
1.692,1.017
.29,.09
.17,.04
.35,.15
.46,.08
2.663,4.465
.513,.862
.132,.111
.773,.222
.094,.022
1.423,.526
.753,.137
.404,.049
.052,.077
.29,.11
.737,.116
1.276,.677
.16,.09
.403,.052
.24,.09
.476,.744
1.075,.474
.05,.05
.16,.11
1.261,.358
.48,.08
.07,.11
.021,.198
.05,.11
1.262,.139
.083,.112
.08,.1
.76,.209
.61,.11
.14,.07
.066,.05
.31,.1
.704,.171
.134,.029
.196,.065
.97,.474
8.951000000000001,2.139
.24,.047
.203,.189
.064,.107
.012,.012
6.35,1.474
.404,.108
.05,.014
9.032,2.632
.504,.077
.07,.03
.08,.04
.24,.122
.044,.016
.019,.02
.06,.02
.176,.085
5.778,1.702
.092,.05
1.144,.213
1.16,.204
.081,.028
1.579,.388
.129,.04
3.55,2.135
3.736,1.877
.095,.115
1.786,.389
1.827,7.692
.28,.094
.054,.011
.104,.135
5.695,4.566
1.346,.227
.0043,.000642
.182,.064
.325,.479
2.021,6.899
.18,.283
.368,.278
.011,.006
.97,.475
.024,.019
.099,.183
1.358,.309
.194,.093
.164,.086
.418,.063
.285,.114
.00498,.000668
.996,.186
.24,.122
.046,.044
11.304,7.194
.113,.045
.098,.026
.0219,.02
5,1.87
.008,.087
3.64,1.55
.0388,.021
.0687,.019
.206,.341
.15,.09
.09,.05
2.879,.703
.321,.104
.022,.012
.83,.175
.016,.036
.081,.024
.031,.159
.254,.104
.04,.02
4.31,1.77
.092,.046
.175,.069
.28,.387
.761,.118
1.216,.165
.007,.012
.58,.146
.421,.0987
.959,2.366
.731,.526
.162,.078
.206,.098
.295,.155
.864,.268
1.198,.164
1.508,.254
5.717,3.962
1.319,.326
.06,.018
.901,.251
.135,.058
.33,.109
.197,.392
.696,.152
1.723,.5610000000000001
1.039,.265
.873,.186
.125,.056
.059,.354
4.68,.89
.0579,.01
.00459,.00073
.08,.122
3.348,1.809
.597,.377
.00527,.000746
.001,.003
.41,.273
.051,.044
.0366,.12
.208,.259
3.725,2.085
.017,.105
.289,.075
.065,.027
1.84,.793
.0039,.000604
.4,.064
.627,.329
.48,.2
.75,.22
.107,.043
.14,.115
.11,.352
.24,.17
.031,.016
1.305,.476
.98,.23
.046,.021
1.11,.532
.039,.017
1.201,1.054
.32,.903
.42,.15
.23,.107
.46,.15
.977,.537
2.22,.902
.5,.17
.64,.22
1.93,.42
.55,.22
6.35,3.196
.88,.26
.048,.022
.012,.004
.05,.109
.195,.099
1.272,.792
.095,.026
6.35,3.196
.071,.03
.059,.035
.029,.013
1.802,1.738
.069,.038
6.399,3.322
1.626,2.025
.18,.09
13.293,5.132
26.465,8.648
24.101,6.614
8.343,4.144
.769,.209
.868,.097
8.784000000000001,4.344
.048,.017
7.103,3.223
1.026,.308
13.676,4.588
.2028,.01
.053,.026
.71,.199
.078,.016
.108,.063
.123,.019
1.104,.351
.968,.107
5.659,2.395
.084,.046
.21,.1
.1477,.0325
.091,.028
13.44,3.91
.0000168,.0000114
4.00000000000e-07,5.69000000000e-07
28.3848,9.487399999999999
9.279999999999999,4
.187,.164
8.56,2.51
.0000227,.0000142
.0000241,.0000178
6.00000000000e-07,6.11000000000e-07
14.32,4.31
8.5,2.81
2.42,.745
.0000409,.0000186
5.84,2.78
7.55,2.57
1.23,.47
2.293,2.0695
.168,.165
3.104,.756
.1524,.0277
27.06,8.199999999999999
10.26,3.84
3.88,2.68
.0706,.0187
18.16,5.55
9.94,3.73
.005,.223
1.02000000000e-06,5.51000000000e-07
5.70000000000e-07,6.62000000000e-07
3.1591,10.1428
183.9049,52.9436
2.42,.578
.045,.03
.05,.02
.013,.031
.16,.05
.05,.01
.16,.041
.299,.056
.04,.03
.08,.024
.051,.03
0,.01
.107,.026
.282,.128
.01,.01
.095,.026
.01,.01
7.375,1.847
6.917,2.049
8.382,1.165
7.948,1.593
7.225,2.196
5.868,13.109
6.917,2.049
5.904,4.43
7.77,2.532
5.902,4.444
7.765,3.215
7.77,2.528
.014,.07
.236,.073
.222,.101
.0634,.0325
.0126,.0273
.0014,.0114
.03,.0273
.0105,.0112
.0029,.0316
.019,.0176
.0286,.0178
344,206
.0047,.0108
121,63
.0032,.0113
.0085,.0151
.0171,.0339
.0109,.0114
.192,.5998
.0142,.015
.0132,.0146
.0241,.0346
6.2988,1.9753
.0184,.0362
.0141,.0173
.0345,.0253
18,23
.0075,.0112
.9263,2.4904
.0023,.0172
.0326,.0177
.0312,.0155
.0698,.047
.002,.029
.0292,.0387
.2508,1.29047
.063,.063
.824,.404
.917,.514
.004,.027
2.127,.873
.222,.117
.347,.095
.64,.158163265306122
.39,.127551020408163
.08,.173469387755102
.48,.122448979591837
.66,.219387755102041
.71,.214285714285714
.47,.147959183673469
.75,.229591836734694
.51,.352040816326531
.04,.188775510204082
.44,.255102040816327
.13,.107142857142857
.09,.224489795918367
.71,.209183673469388
.5600000000000001,.224489795918367
.09,.193877551020408
.1,.280612244897959
.65,.214285714285714
.9383,.0329
.2288,.0101
.3672,.0112
.2913,.0306
.3484,.0117
.6344,.0124
.5709,.01
.589,.0099
.8751,.0281
.3683,.0119
.6182,.0132
.0202,.0134
.41,.196
.413,.198
1.158,.489
.2,.09
.21,.08
.1,.01
.1,.1
.2,.08
.21,.08
.108,.044
.125,.043
.26,.073
.234,.076
.149,.041
.035,.03
.142,.044
.097,.052
.243,.06
.215,.069
.115,.243
.133,.043
.097,.039
.003,.037
.175,.0763
.146,.0462
.144,.0516
.135,.0703
.178,.0619
.106,.0454
2.529,1.148
2.037,.637
2.41,1.164
2.786,1.204
1.196,1.592
1.457,1.24
1.336,1.626
1.65,.636
2.142,1.172
1.751,.904
2.246,1.182
2.41,1.164
.115,.627
4.809,1.531
.537,.267
.018,.088
8.287000000000001,3.157
9.218999999999999,3.353
10.117,3.682
.031,.091
8.917,3.548
7.599,3.301
8.907,3.443
.083,.091
.5570000000000001,.155
.152,.196
.697,.131
.741,.162
.344,.197
.639,.143
.304,.167
.846,.145
.383,.196
.446,.16
.4,.18
.235,.201
.825,.129
.786,.131
2.089,1.441
3.567,1.443
2.339,1.083
1.5,1.141
2.252,1.863
2.864,1.144
.95,1.885
.032,.023
.177,.077
.134,.084
.07,.104
.058,.05
.167,.055
.288,.079
.232,.112
1.399,.592
.064,.012
.047,.137
.163,.043
.072,.021
.038,.007
.038,.021
.146,.055
.027,.045
.104,.029
.128,.833
.001,.033
.009,.002
.005,.012
.043,.28
.003,.003
.089,.045
.008,.768
.154,.364
.004,.002
.003,.003
.016,.1
.003,.002
.08,.029
.0075,.0028
.005,.001
.002,.002
.027,.057
.1332,.0236
.1181,.0208
.169,.0305
.173,.0287
.1316,.0147
.064,.0144
.0507,.0213
.0018,.0017
.0247,.0027
.0041,.0009
.1291,.0196
.021,.0025
.02,.0022
.0084,.0009
.0195,.0021
.0068,.0012
.355,.08372642
.169,.03112339
.394,.07419962
.075,.008
.258,.0585034
.109,.008
.299,.05236427
.178,.03852814
.321,.08991597
.37,.10136986
.204,.03013294
.373,.14570312
.18,.06081081
.232,.04566929
.202,.01351171
.237,.07053571
.328,.06271511
.112,.008
.246,.0314578
.288,.06063158
.05,.005
1.019,.15462822
.259,.10318725
.46,.10176991
2.94,1.219917
1.126,.51651376
1.251,.51694215
.993,.49899497
.005,.00454545
.005,.00274725
1.003,.5040201
4.48,1.8902954
2.128,.68645161
1.076,.54619289
1.366,.62949309
3.61,.96782842
1.864,.80344828
.019,.00181471
.021,.00200191
5.65,1.3814181
.22,.03542673
.321,.02511737
.464,.05918367
.131,.04381271
.024,.02424242
.311,.02248735
.287,.02974093
.285,.05125899
.123,.011
.099,.007
.063,.009
.115,.009
2.588,.3235
.023,.02323232
.316,.11285714
.253,.10675105
.017,.56666667
.104,.06419753
.0152,.02666667
.088,.088
.14,.08588957
.2,.07633588
.381,.08682771
.268,.08195719
.171,.10118343
.203,.15984252
.136,.08831169
.123,.06059113
.215,.06329114
.295,.08676471
.0248,.0199
.104,.02011605
.7,.9
.0163,.0484
.0236,.048
.0257,.0108
1.34,.44
.099,.00541575
.106,.00643594
.0271,.0298
.0317,.0103
.0382,.0204
.247,.02297674
.0103,.0294
.0509,.0574
.043,.00928726
.00273,.0215
.0728,.0202
.142,.0089252
.0456,.0218
.045,.0152027
.262,.02609562
.21,.03839122
.136,.00825243
.0398,.0286
.00136,.0508
.3,.1
.273,.05311284
.0251,.0143
.083,.01255673
.011,.00789
1.18,.45
.87,.89
.28,.1
.0296,.056
.117,.0409
2.071,.463
.063,.08873239
1.62,.6899999999999999
.501,.03944882
77.67700000000001,3.873
2.81,6.5348837
.031,.02384615
.208,.0595
.33,4.2307692
.03,.01428571
.57,.04381245
.019,.0088785
.016,.00909091
3.52,.76355748
.017,.01504425
.274,.067
5.35,2.326087
.37,.15
.111,.05842105
4.861,.958
.33,.187
.054,.02317597
1.41,.6
.026,.01538462
.186,.028
.089,.03647541
.0573,.267
.052,.022
.035,.013
.35,.13
.475,.023
.041,.01
.057,.01775701
.841,.4102439
.0016,.004
.325,.05632582
.592,.296
.022,.01032864
1.17,.26
.03,.008
.0036,.007
.07,.017
.668,.3009009
.041,.024
.211,.19719626
1.474,.40163488
.108,.06067416
.177,.018
.047,.017
.041,.029
.064,.0314
.002,.025
.047,.019
.035,.054
.177,.02
8.856999999999999,4.709
.594,.186
.599,.201
10.06,5.634
.471,.214
9.936999999999999,4.36
.105,.045
.026,.074
.007,.053
.097,.056
.073,.078
.073,.092
.034,.037
.014,.043
.037,.035
.18,.026
.046,.025
1.06,.65
.428,.168
.5580000000000001,.295
.839,.412
7.748,1.978
7.585,1.986
4.155,1.168
.9,.217
238.6,241.3
2.076,.993
.441,.117
.982,.49
3.536,1.018
.459,.429
26.71,13.73
.091,.328
108.1,63.08
3.897,1.101
2.489,1.219
.51,.277
.083,.034
.668,.197
.0122,.0108
.703,.265
.13,.036
.0142,.00848
.502,2.5846362
.01,.007
.994,.32165867
.03,.011
.017,.00539
.919,.29738865
.989,.32004066
.904,.32899269
.386,.0259
.00789,.0104
.0219,.0109
1.081,.3934083
.027,.006
.967,.31292146
.027,.01
.334,.15
.396,.207
.385,.36993197
.013,.016
.435,.50390961
.105,.033
1.05,.033
.666,.37277231
8.33,.55
.861,.44309868
18.43,1.07
18.4,1.15
.3867,.197
.00221,.00399
7.3,.52
.0161,.00754
.2126,.078
.1407,.031
1.9256,.455
.00673,.00725
.392,.3925589
.00648,.00464
.04,.017
.439,.54204496
.033,.015
1.5389,.404
.05,.019
.026,.037
.3853,.196
.868,.42264173
.62,.35880993
9.050000000000001,.55
.00525,.00581
.000646,.00594
2.64,.08
.99,1.07
1.032,.37557573
1.19,.2
.232,.0887
1.46,.5
1.08,.76
168.325,83.202
1.61,.43
1.42,2.01
1.318,.59203712
.6407,.136
5.32,.38
.374,.135
5.3,.39
1.16,.57
.6387,.135
1.42,.56525415
.236,.0848
.722,.31987535
.904,.29253464
.1638,.022
2.5741,.373
.716,.30777856
1.36,1
1.365,.57701621
.226,.0814
.42,1.02
.758,.49016022
2.76,.12
.00959,.00769
.4599,.083
.296,.161
1.1,.36
.49,1.32
.061,.036
.498,.121
1.09,.55
.0391,.018
.321,.18
1.307,.97034859
1.18,.52
3.2148,.438
.636,.38893516
.0147,.0067
.282,.0768
.26,.145
.021,.006
.216,.115
.224,.1
.0251,.00805
.149,.1
.0002,.074
.07,.082
.002,.005
.122,.103
.33,.116
.118,.076
.233,.127
.107,.025
.046,.069
.188,.148
.82,.01
.058,.007
.09,.02
.039,.009
.024,.006
.46,.007
.1,.032
.089,.044
.222,.1
.00971,.00477
.126,.054
.102,.027
.016,.014
.121,.04
.072,.01
.134,.084
.048,.033
.039,.117
.067,.091
.059,.012
.075,.048
.000767,.00562
.038,.034
.049,.111
.111,.034
.012,.002
.144,.061
.039,.008
.016,.077
.0288,.0151
.057,.012
.057,.026
.96,.15
.91,.16
69403,50468
.048,.02
8.003,3.485
1.83,.34
.0007,.008
.007,.008
.003,.01
.01,.006
.013,.01
2.076,.993
.01,.006
59221,58779
.34,.04
1.82,.34
.002,.012
4.717,2.569
.018,.01
18360,53453
8.486000000000001,3.279
.022,.02
.724,.4
65.60769999999999,42.471
75.13590000000001,60.766
.068,.046
.617,.222
.07,.047
.54,.237
.507,.058
97.3147,117.164
.522,.048
141.6735,115.038
.488,.194
.711,.205
.101,.045
.089,.051
.422,.178
54.0848,33.402
.495,.045
.531,.047
.249,.034
.164,.019
.101,.045
.152,.024
.039,.052
.068,.046
.54,.237
89.14790000000001,48.203
14.9728,36.417
.07,.047
.717,.226
.483,.049
.171,.022
.512,.042
.055,.049
.17,.022
.502,.053
150.1284,49.136
64.5288,36.37
.308,.037
140.0032,146.221
.479,.187
154.2284,117.486
.164,.019
107.1296,127.084
.347,.166
.485,.048
36.916,27.684
3.6364,20.485
.479,.187
.168,.02
.488,.194
1.9305,27.132
.323,.145
2.5098,26.898
.171,.021
.423,.198
76.4374,60.799
36.9936,28.019
58.9766,58.852
.494,.046
.388,.054
185.8348,77.161
5.5805,20.454
146.5227,49.681
.165,.02
.054,.051
.478,.049
.165,.025
202.5769,134.68
55.2324,99.761
.167,.02
.163,.021
.063,.05
.081,.059
187.8086,62.396
.717,.226
77.74339999999999,83.438
.096,.032
.049,.033
2.0413,27.341
.304,.049
.581,.052
.314,.043
.002,.023
96.08199999999999,91.52
59.3251,82.34699999999999
.711,.205
.055,.049
.167,.019
.039,.052
25.6443,141.976
.363,.064
106.1626,73.28400000000001
.063,.05
66.56319999999999,42.251
.161,.021
.165,.019
97.50539999999999,71.899
102.7859,128.53
.054,.051
40.3344,26.535
.554,.046
.089,.051
.496,.053
.422,.178
.423,.198
88.9058,55.164
.504,.055
.617,.222
.06,.172
.127,.118
.037,.015
.5206,.481
.037,.009
.08,.076
.5107,.0262
.913,.057
.9601,.072
.037,.165
.233,.152
.028,.198
1.44,.93
.069,.064
.161,.138
.035,.159
.9166,.057
.2414,.164
.172,.124
.2348,.382
.122,.091
.038,.116
.073,.108
.005,.062
.011,.117
.051,.065
.2597,.253
.009,.103
.011,.061
.018,.029
.5042,.265
.043,.09
.0194,.057
.798,.072
.007,.1
.013,.041
.032,.019
.0365,.188
.029,.038
.043,.09
.031,.038
.2701,.154
.0082,.055
.069,.064
.1585,.11
.026,.01
.7,.23
.026,.062
.032,.051
.137,.141
.1283,.09
.6397,.27
.034,.05
.018,.05
.176,.15
.051,.116
.024,.013
.057,.13
.054,.096
.009,.032
.114,.087
.009,.072
.61,.24
.0367,.083
.1365,.146
.3075,.347
1.88,.89
1.44,.8100000000000001
.9068000000000001,.072
.041,.099
.081,.153
.132,.113
.1875,.402
.2187,.192
.149,.111
.056,.073
.022,.034
.035,.015
.051,.125
.042,.057
.2832,.162
.094,.103
.142,.166
.2189,.204
.054,.096
.045,.07
.077,.09
.057,.13
.017,.044
.145,.135
.4126,.215
.0616,.182
.018,.029
.041,.099
.011,.061
.056,.197
.051,.125
.013,.041
.08,.14
.0192,.16
.0276,.063
.072,.074
.2931,.165
.0495,.184
.9699,.065
.025,.032
.053,.052
.022,.089
.004,.11
.7,.22
.007,.06
.013,.045
.4236,.217
.03,.201
.273,.264
.061,.097
.133,.149
.011,.122
.1342,.105
.906,.096
1.6,.72
.1289,.275
.61,.24
.006,.067
.094,.088
.096,.109
.2104,.386
.136,.14
.051,.05
.016,.216
.97,.065
.3125,.213
.032,.051
.12,.213
.2401,.206
.0234,.202
.048,.107
.129,.071
.612,.283
.541,.272
.652,.318
1.019,.503
.93,.442
1.106,.482
.578,.318
.489,.268
.467,.279
.411,.145
.091,.069
1.259,.405
.594,.181
.078,.067
1.408,.331
.101,.06
.726,.442
.042,.065
.902,.183
.263,.227
32.245,17.815
3.095,.8100000000000001
.097,.032
1.336,.192
.044,.085
.468,.296
.6840000000000001,.266
.145,.057
1.259,.405
.127,.041
.512,.096
.007,.129
.215,.086
.137,.12
.146,.039
.712,.141
.179,.128
.145,.057
.055,.03
.075,.049
3.217,.804
.077,.103
.156,.07
.192,.107
2.812,1.316
.009,.029
.179,.128
.494,1.297
1.317,.405
.183,.108
.131,.115
5.76,4.05
.157,.061
.038,.05
4.28,1.45
7.23,3.52
.222,.059
.166,.145
5.64,1.95
6.65,4.53
3.32,2.99
6.64,5.08
6.04,2.75
3.22,1.67
.163,.055
5.7,3.51
.824,.152
.214,.052
.006,.043
7.18,2.61
11.35,8.630000000000001
.5649999999999999,.109
8.029999999999999,3.303
.156,.031
1.16,1.24
12.78,4.99
.263,.1
7.94,5.38
5.03,3.42
3.78,1.75
.01,.153
7.58,3.78
7,2.98
2.39,2
4.13,1.34
10.95,4.34
.116,.023
9.380000000000001,4.37
4.1,1.86
.671,.055
.831,.069
.805,.083
3.48,5.07
.172,.044
4.95,2.09
3.46,2.08
.622,.067
2.55,1.08
2.72,4.68
.131,.105
.388,.138
.005,.039
.007,.129
.067,.096
.145,.057
.137,.12
.325,.046
.14,.044
.006,.043
.149,.035
.061,.101
1.052,.381
3.74,1.22
.233,.598
1.88,.67
.019,.012
.003,.005
.351,.5570000000000001
.038,.167
1.074,1.32
.034,.025
.31,.105
.017,.02
26.59,6.4382567
16.405,3.6134361
91.82899999999999,20.406444
.086,.02828947
.006,.00171429
.003,.00096154
.002,.00058997
.0496,.01540373
.173,.0502907
1.704,.45818565
.117,.04411649
.474,.12745305
3.624,.97445118
7.545,2.0287622
.975,.26216609
.8,.06
1.85,.49
7.96,53.18
1.45,.65
.93,.05
1.42,.21
.83,.04
.84,.08
3.2,3.35
.93,.05
1.41,.13
1.57,.72
2.3,.38
.92,.04
1.05,.09
4.52,.7
.144,.259183673469388
.079,.012
.094,.023
.208,.035
.072,.009
.028,.008
.254,.145918367346939
.136,.034
.101,.028
.07,.012
.067,.0012
.189,.0048
.058,.008
.032,.01
.057,.011
.045,.034
.06,.01
.105,.027
.076,.01
.467,.222448979591837
.041,.009
.435,.211224489795918
.418,.076
.333,.101530612244898
.086,.024
.084,.04
.082,.017
.215,.117
.084,.034
.081,.015
.117,.025
.072,.045
.112,.054
1586,320
2465,738
1902,546
.135,.092
.217,.189
2333,1000
1228,299
1.9884,.4258
4.0966,2.3567
.004,.001
.004,.001
.006,.001
.006,.001
.004,.001
.004,.001
.001,.0001
.0002,.0001
.7097,.2749
.01,.014
.012,.013
4.9649,2.0914
.026,.013
.026,.012
.9233,.3505
.006,.012
.6278,.2505
.3833,.1785
.021,.011
.005,.012
.062,.065
.056,.021
2.797,1.3113
.066,.022
.067,.058
.023,.028
.02,.028
.021,.012
.0064,.002
.01,.047
2.1679,1.3839
.032,.02
.03,.016
.016,.048
.063,.035
.3264,.1704
.066,.038
.058,.029
.0138,.004
.031,.016
.0078,.002
.031,.02
.2955,.1959
.0085,.002
.051,.018
.524,.076
.016,.01
25.0209,5.9217
.473,.063
10.3401,3.5911
.102,.013
.019,.009
.097,.012
.025,.008
.504,.067
.0147,.2361
.1353,.1122
.033,.02
.537,.118
.515,.12
.064,.026
.11,.028
.742,2.191
.6381,.6156
.3363,.4172
.8929,.3508
1.1092,.2516
.163,.035
.167,.038
.148,.038
.09,.015
.014,.001
.082,.007
.002,.002
.016,.002
.013,.001
.115,.104
.065,.009
.09,.015
.13,.116
.015,.002
.011,.001
.001,.0001
.07,.008
.121,.116
.002,.002
.167,.089
.001,.003
.066,.009
.171,.094
.071,.008
.012,.001
.002,.002
.001,.002
.012,.001
.129,.106
.016,.002
.092,.012
.012,.001
.074,.008
.003,.002
.005,.053
.041,.09
.467,.106
.000612,.00108
.0191,.106
.041,.09
.047,.007
.00442,.00385
5.027,.209
.000706,.00105
.055,.01
4.905,.276
.054,.056
.619,.266
.048,.007
.0044,.0022
.0152,.0702
.00191,.0013
.027,.046
.467,.106
.006,.016
.000958,.000928
.05,.006
.398,.236
.006,.016
.00102,.00286
.005,.053
.054,.056
5.614,2.352
.323,.086
.468,.211
.5,.209
.279,.087
.345,.122
.473,.213
.497,.21
.428,.178
.327,.161
.287,.129
.488,.197
.498,.21
.553,.211
.487,.205
.5620000000000001,.206
.6,.272
.499,.211
.491,.205
.497,.21
.487,.192
.488,.205
.5,.178
.171,.198
.215,.243
.126,.215
.017,.204
.012,.197
.072,.212
.097,.223
.024,.211
.014,.187
.195,.216
.227,.204
.262,.178
9.19,3.3418182
11.07,2.5684455
1.88,2.1609195
6.95,2.3720137
.01,.00049
.01,.00049
.01,.00049
.01,.00049
.087,.059
.066,.068
.167,.067
.123,.051
.1,.05
.187,.068
.048,.08
.063,.071
.135,.076
.024,.07
.056,.035
.035,.053
.365,.111
.14,.084
.026,.073
.345,.104
.914,.253
1.682,1.235
.172,.145
2.676,1.982
4.434,2.126
.914,.53
2469,1322
.527,.176
2.983,2.238
2863,1275
4.021,1.823
.729,.421
2982,1129
1.04,.385
2.149,.657
1160,374.4
1.244,.518
2530,1213
.731,.447
2.484,1.566
.787,.221
.764,.172
.612,.203
1.095,.425
.541,.623
1.226,.471
2.603,1.302
.5580000000000001,.178
1.457,.482
1.829,.458
.749,.573
2.166,1.515
.514,1.06
.213,.262
1.345,.554
.637,.503
.679,1.179
.239,.267
.179,.114
2.25,1.066
.194,.116
.584,.534
1.296,.523
2.379,1.174
.0006,.0072
.0042,.0095
.0029,.0057
.0037,.012
.0016,.006
.0245,.0133
.0055,.0086
.009,.0149
.0432,.0202
.009,.0092
.0072,.007
.007,.0119
.0012,.00635
.003,.0058
.0121,.0179
.0095,.0123
.0011,.0124
.0001,.0056
.0061,.0149
.0074,.0115
.0064,.107
.0014,.0129
.0149,.012
.004,.0071
.1009,.028
.0264,.0399
.0041,.0395
.0302,.0429
.0201,.0291
.0133,.0279
.0203,.05
.0038,.0232
.1258,.0403
.0072,.0266
.62,.632
.199,.065
.0456,.0416
.0935,.0734
.118,.036
.1102,.0559
.4549,.3327
.097,.0333
6.244,2.793
7.466,2.25
.144,.0336
.0103,.0036
.444,.3326
.0122,.0283
6.265,2.09
7.401,3.06
4.343,1.875
5.16,2.291
.0248,.0055
.0259,.0285
.138,.0405
.1121,.0321
.1624,.0421
.0092,.0393
.5304,.3427
3.128,1.647
.0633,.0267
6.673,3.067
.0884,.0307
.1601,.0391
.0281,.0246
.029,.0058
.0179,.025
.1372,.0404
.0215,.0166
.2489,.0547
.0203,.0051
.1161,.0358
8.712999999999999,2.814
.0069,.0396
.1664,.0366
.0802,.0438
.0107,.0041
.0732,.0421
.0285,.0072
.0096,.0394
.0245,.0071
.248,.0547
.1482,.0372
.0064,.0033
.0234,.0287
.116,.2741
4.206,2.026
.0405,.026
10.02,2.772
.0049,.0031
.2443,.0542
.5792,.2697
.32877,.3065
.0104,.0162
.0786,.0432
.0038,.0164
.0108,.004
.0246,.0068
5.135,2.017
.0158,.0043
.154,.121
.0405,.0385
.079,.085
.1847,.0452
.1152,.0272
.21,.232
.1256,.0418
.0601,.0259
.1126,.0472
.036,.056
.1974,.0503
.0501,.0256
.002,.071
.038,.071
.2213,.0517
.0608,.0397
.101,.111
.07,.096
.1087,.0516
.1175,.0523
.0714,.0357
.152,.0348
.0302,.0223
.0309,.0369
.0996,.047
.1707,.0343
.247,.214
.05,.115
.30703,.0431
.0856,.0489
.0713,.0333
.0623,.0451
.0235,.0315
.0161,.0276
.0613,.0449
.0518,.0416
.0224,.0264
.1068,.0482
.0263,.0306
.0179,.0258
.0858,.0439
.0495,.0277
.1299,.0475
.0684,.0286
.1024,.034
.0994,.0346
.0813,.0359
.0767,.0487
.0559,.0289
.0633,.0471
.0681,.0327
.1042,.0461
.0321,.0317
.0459,.0484
.0255,.0378
.0048,.0391
.0091,.0383
.1058,.0465
.07483,.0488
.0461,.0485
.0593,.0492
.0677,.035
.0576,.0491
.0576,.0308
.086,.0311
.0531,.0418
.0405,.025
.0407,.0297
.0777,.0371
.0199,.0311
.384,.17
.342,.131
.319,.117
.183,.099
.091,.039
.146,.076
.154,.081
.287,.102
.273,.093
.345,.149
.095,.031
.411,.187
.329,.137
.171,.091
.114,.049
.106,.046
.371,.204
.321,.172
.299,.168
.058,.131
.275,.139
.755,.302
.083,.193
.87,.373
.645,.244
.404,.221
.246,.145
.071,.1632
.531,.195
.226,.112
.096,.224
.35,.185
.534,.016
.108,.013
.033,.021
.451,.009
.236,.185
.547,.212
.701,.185
.853,.191
.165,.19
.523,.213
.187,.19
1.141,.18
.845,.175
.549,.21
.266,.191
.592,.214
.46,.215
.438,.205
.9340000000000001,.18
.397,.19
.735,.196
1.01,.182
.777,.204
.471,.2
.429,.196
.285,.185
.479,.209
.283,.192
.276,.194
.39,.198
.918,.178
.764,.198
.245,.189
.792,.195
.284,.194
1.01,.189
.286,.187
.28,.205
.479,.208
.267,.195
2.646,.611
.703,.304
.084,.016
.257,.074
.061,.019
.072,.019
.257,.074
.072,.019
.084,.019
.244,.074
.239,.057
.238,.058
.061,.019
.239,.057
.238,.058
.084,.019
.244,.074
.084,.016
.215,.059
.287,.064
.287,.064
.731,.168
.731,.168
.215,.059
1.94,1.9
1.18,1.9
.32,.9
.95,1.5
.293,.084
.293,.084
.339,.079
.016,.004
.016,.004
.339,.079
.014,.004
.014,.004
.13,1
.22,36.1
.28,2.4
.04,.3
.17,.6
.02,.01
.39,1.8
.11,1.4
.0519,.0198
1.61,.96
.008,.085
.103,.051
.00968,.00449
.058,.096
.006,.115
.0215,.00976
.084,.104
.033,.0146
.104,.056
.0514,.0204
1.661,.434
.0332,.0148
.0224,.0106
.00944,.00163
1.776,.28
1.553,.22
1.352,.491
3.146,.274
2.189,.201
2.87,.663
6.001,2.447
.707,.444
.0000166,.0000256
3.04000000000e-06,4.98000000000e-06
2.85000000000e-06,7.96000000000e-06
.03,.008
.08,.023
.105,.036
.244,.033
4.844,16.86
1.157,.439
.277,.6899999999999999
.173,.023
23.18,10.82
5.54000000000e-06,.0000281
.214,.241
5.041,2.117
.024,.008
1.893,.664
.066,.038
.095,.061
.0343,.0409
.357,.063
.092,.047
.254,.044
.202,.062
.105,.068
.056,.069
.19,.065
1.797,.597
.035,.067
.00652,.00298
.143,.043
.038,.029
.09,.069
.029,.049
.133,.0429
.114,.05
16.584,7.272
.044,.04
.182,.058
.05,.065
.101,.0701
.084,.05
.058,.068
5.503,3.926
.093,.063
.317,.085
23.519,4.953
.252,.067
.01,.106
.031,.069
40.053,6.958
5.064,8.353999999999999
.116,.036
3.321,3.266
.125,.072
26.46,12.36
.217,.107
.491,.097
10.188,7.064
.028,.04
7.763,7.298
.134,.062
.005,.034
10.97,4.456
.162,.041
.015,.026
.11,.036
.338,.067
.033,.051
.176,.065
.174,.057
.384,.034
24.168,6.956
29.165,6.029
.09,.066
.21,.026
.496,.094
.097,.063
.17,.075
25.286,4.659
.031,.03
.076,.037
.119,.062
.06,.056
28.324,6.571
1.246,.407
.139,.066
4.664,4.59
.242,2.899
.007,.086
.056,.044
.143,3.743
5.842,3.473
.169,.068
.179,.062
.404,.076
.068,.045
.53,.116
3.328,3.909
.176,.065
.00311,.00125
.004,.034
.175,.05
.193,.026
.07,.051
.008,.051
.211,.044
.189,.109
.364,.033
.093,.038
9.645,4.317
.086,.044
.028,.035
.14,.06
2.818,4.641
5.739,7.056
8.359999999999999,.74
.254,.109
6.251,.62
.064,.087
2.133,.653
.101,.075
.159,.1
.0628,.0538
.007,.092
.074,.052
1.64,.581
.0832,.0661
.064,.071
.0369,.0186
.00249,.00114
.008,.087
.079,.053
.237,.149
.166,.091
.189,.134
.038,.086
.129,.054
.005,.094
1.539,.573
.149,.091
.121,.081
.516,.049
.157,.112
.023,.091
3.437,.733
.654,.361
.125,.908
.232,.096
.006,.094
.15,.152
.064,.092
.223,.091
.06,.056
.321,.137
0,.089
.111,.118
.135,.0542
.082,.123
.758,.119
1.683,.153
.045,.081
.161,.132
1.487,.5600000000000001
.089,.082
.158,.15
.086,.082
.08,.088
.067,.076
.214,.132
.309,.248
.61,.319
.152,.08
1.879,.679
.057,.108
.327,.103
.04,.0269
.183,.077
.038,.0826
.235,.129
.151,.135
.018,.083
.021,.09
1.953,.675
.053,.112
.0774,.036
.316,.143
.2,.157
1.372,.536
.042,.075
1.629,.593
.00382,.00141
.012,.095
.016,.086
.041,.094
.0606,.0409
.188,.093
.0179,.0326
.045,.086
.181,.154
.084,.12
.366,.146
.184,.084
.221,.138
.289,.132
.111,.0434
.185,.092
.178,.0827
.144,.091
.262,.13
.115,.059
.143,.086
.00128,.00102
.138,.114
.225,.112
.186,.162
.162,.099
.002,.077
.517,.059
.00127,.00105
.236,.107
.00395,.00149
.082,.181
.053,.102
.138,.103
.221,.107
.029,.101
.341,.091
.211,.097
.317,.197
.704,.891
.249,.11
.208,.104
.134,.178
.382,.221
.086,.11
.145,.098
.201,.1
.059,.187
.183,.106
.009,.101
.173,.091
.005,.1
.224,.12
.26,.102
.012,.097
.066,.103
.057,.062
.343,.173
.604,.093
.131,.108
2.177,.22
1.573,.436
.181,.108
.24,.118
.123,.104
.3054,.099
.078,.106
.121,.091
.00255,.00117
.038,.1
.138,.103
.296,.161
.218,.101
.051,.181
.135,.177
1.532,.584
.031,.103
.13,.116
.143,.061
.152,.062
.032,.409
1.664,.413
.266,.34
.454,.231
.455,.345
.626,.371
1.403,.447
.121,.526
1.573,.438
.269,.654
.19,.371
1.073,.673
.116,.379
.339,.291
1.516,.681
.211,.341
.37,.419
1.811,.617
1.251,.694
.229,.328
1.232,.483
1.532,.606
.22,.269
.17,.306
.705,.12
.37,.056
.075,.041
.12,.032
.075,.024
.13,.06
.076,.026
.08,.025
1.486,1.528
2.303,.965
.1,.054
1.85,1.398
2.008,.988
.069,.025
1.899,.214
.5610000000000001,.078
.195,.055
.84,.354
.186,.052
.183,.052
.138,.042
.855,.405
.895,.53
.82,.417
.139,.039
.139,.039
.298,.213
.143,.139
.523,.237
.0179,.00817
.152,.044
.139,.042
.119,.123
.00751,.00745
.126,.041
.076,.126
.0225,.00534
.14,.042
.406,30.34
.36,.201
.137,.045
.436,.215
.125,.041
.151,.046
.152,.044
.366,.201
.152,.046
.136,.045
.273,.146
.598,.332
1.3016,.501
1.011,.396
.706,.494
.125,.173
.291,.166
.153,.202
.00615,.00509
.665,.522
.355,.12
.8080000000000001,.514
.768,.454
.0847,.0321
.396,.112
.337,.095
1.846,1.017
.498,.176
.78,.523
.242,.338
.547,.803
.779,.447
.665,.49
.000326,.00201
1.0412,.5141
1.162,1.175
.0608,.0407
.46,.165
.0594,.0274
.706,.233
.73,.523
.598,.252
.433,.116
1.592,.9389999999999999
.0584,.0296
.0123,.00472
.73,.326
14.872,6.019
.78,.433
14.32,6.081
.00311,.00254
.8080000000000001,.548
.000418,.00642
.094,.228
.005,.001
.00203,.00255
.0485,.0219
.00634,.00533
.0197,.011
.0581,.0219
.0274,.0158
.0272,.011
.00511,.00577
.0626,.0231
.0341,.0165
.0536,.0234
.001,.002
.000812,.00248
.004,.003
.93,.15
.00181,.00344
.696,.65
.696,.574
.102,.0342
1.03,.21
.95,.22
.000491,.00194
.679,.307
.0664,.0284
.000131,.00435
.855,.359
.12,.27
.22,.18
1.06,.23
.00187,.00358
.036,.007
.026,.009
.86,.16
.03,.18
.915,.423
.029,.008
.0735,.0307
.906,.399
.679,.357
.072,.0432
.01,.0149
.033,.01
.024,.008
.9350000000000001,.541
.24,.3
.336,.194
.12,.27
.492,1.285
.749,.463
1.03,.21
.34,.24
.389,.242
.371,.266
.359,.254
3.5196,.7916
.25,.33
.311,.119
.163,.274
.356,.261
.443,.19
.174,.267
4.7903,2.4252
.784,.437
.2,.14
1.232,1.272
.9419999999999999,1.231
.11,.31
.878,.484
.08,.14
.21,.45
.364,.233
.106,.276
3.129,1.824
.751,.342
.8120000000000001,.368
.09,.0485
1.166,.57
.0726,.0434
.119,.0605
.018,.0399
.804,.411
.6929999999999999,.368
.0892,.048
.00427,.0276
.0294,.0339
.117,.068
.055,.08
.078,.019
.188,.059
.882,.216
.004,.002
.036,.006
.112,.016
.47,.54
.055,.018
.142,.037
.135,.083
.176,.059
.003,.013
.044,.007
.024,.006
.04,.008
.024,.007
.37,.15
.066,.024
.37,.14
.077,.051
.05,.009
.4,.14
.101,.022
.48,.19
.106,.017
.041,.009
.34,.13
.68,.21
.386,.176
.384,.087
.001,.015
.71,.21
.53,.19
.027,.008
.045,.072
.053,.054
.062,.035
.139,.074
.114,.058
.143,.056
.012,.038
.011,.023
.048,.034
.003,.002
.046,.022
.05,.043
.203,.088
.021,.013
.001,.004
.094,.048
.235,.098
.028,.021
.043,.106
.005,.006
.024,.011
.002,.009
.06,.053
.413,.09
.028,.008
.276,.114
.018,.004
.473,.097
.027,.135
.038,.005
.275,.114
.055,.021
.476,.097
.036,.027
.037,.027
.048,.063
.046,.063
15.497,19.873
15.931,19.987
10.645,23.963
2.188,1.814
2.199,1.82
10.469,24.772
.045,.587
.146,.763
.005,.132
.098,.068
.006,.009
.062,.07
.112,.106
.305,.185
.004,.025
.005,.006
.05,.029
.172,.088
.003,.042
.248,.146
.832,.323
.949,.349
.78,.467
.778,.325
.511,.08
.751,.1
.533,.09
.018,.005
.00001,.006
.002,.006
.017,.005
.061,.071
.01,.011
.445,.108
.031,.021
.047,.012
.053,.038
.098,.074
.077,.021
.018,.013
.287,.21
.179,.123
.022,.024
.078,.018
.119,.13
.221,.074
.037,.012
.0863,.022
.282,.076
1.948,.39
.075,.02
.459,.132
.518,.137
.436,.121
.325,.059
.006,.018
.223,.116
.032,.103
.009,.015
.049,.088
.574,.22
.007,.014
.132,.102
.065,.098
.029,.016
.039,.02
.121,.089
.04,.08
.027,.012
.003,.018
.011,.017
.154,.068
.075,.03
.016,.101
.165,.095
.051,.161
.615,.246
.013,.005
.009,.028
.084,.026
.365,.022
.025,.014
.441,.012
.179,.017
.426,.018
.107,.027
.072,.014
.212,.015
.336,.028
.026,.015
.098,.021
.055,.03
.377,.033
.084,.026
.072,.024
.365,.062
.336,.073
.451,.055
.287,.154
.134,.011
.074,.014
.049,.015
.346,.023
.076,.024
.063,.021
.101,.018
.414,.021
.049,.014
.037,.015
.024,.011
.051,.016
.343,.026
.319,.022
.315,.031
.069,.016
.028,.01
.071,.023
.043,.011
.024,.014
.031,.015
.037,.014
.073,.015
.062,.012
.334,.021
.087,.026
.026,.012
.321,.032
.073,.024
.026,.012
.329,.022
.059,.011
.016,.016
.069,.036
.063,.034
.324,.023
.03,.011
.019,.011
.071,.016
.346,.023
.094,.046
.343,.026
.068,.019
.051,.012
.052,.016
.553,.087
.38,.217
.453,.212
.492,.092
1.856,.608
1.821,.219
1.913,.241
2.648,.338
2.367,.862
3.362,1.038
1.578,.477
1.341,.145
2.736,.747
2.421,.29
2.052,.6889999999999999
1.281,.133
.188,.059
.187,.056
.21,.059
.235,.063
.04,.024
.046,.031
.038,.028
.054,.023
.047,.024
.047,.02
.119,.069
.068,.039
.04,.017
.001,.028
.039,.021
.086,.027
.05,.038
.036,.023
.048,.029
.036,.019
.002,.036
.608,.042
.095,.016
.19,.016
.092,.013
.324,.044
.672,.043
.088,.032
.221,.016
.511,.044
.201,.015
.501,.169
.544,.043
.31,.053
.285,.056
.52,.144
.53,.164
.234,.079
.4,.06
.289,.112
.233,.059
.452,.015
.335,.068
.408,.076
.445,.015
.486,.05
.04,.016
.007,.006
.008,.006
.01,.008
.017,.014
.056,.022
.047,.019
.007,.006
.009,.012
.01,.008
.084,.017
.081,.021
.094,.025
.832,.115
.101,.025
.058,.009
3.349,1.359
6.315,1.028
3.349,1.359
3.349,1.359
.832,.115
.079,.031
.577,.16
6.315,1.028
.058,.009
.086,.018
.014,.008
.577,.16
.832,.115
6.315,1.028
.069,.016
.083,.017
.072,.02
.577,.16
.064,.017
.066,.018
.104,.027
.058,.009
.014,.008
.014,.008
.087,.05
.092,.059
.08,.025
.203,.038
.212,.038
.078,.025
.049,.055
.065,.053
.046,.009
2.628,1.347
.013,.008
.444,.156
.135,.033
.123,.032
.641,.031
.27,.061
1.503,.552
.537,.064
1.51,.5639999999999999
.624,.027
.642,.027
1.665,.582
1.28,.228
2.378,.658
1.854,.764
.729,.211
2.219,.36
3.48,1.32
3.48,1.6
2.53,.87
1.32,.46
2.53,1.08
1.32,.6
.078,.015
.359,.348
.551,.023
.608,.024
.62,.024
.5610000000000001,.036
.006,.293
.5,.268
.245,.427
.61,.037
.554,.023
.641,.038
.584,.033
.08,.025
.0045,.004
.0007,.018
.0001,.003
.0176,.015
.0129,.016
.004,.005
.899,.51079545
.633,.29579439
.15,.06756757
.2688,.25358491
1.045,.56486486
8.25,1.7895879
1.278,.665625
17.505,3.1483813
2.385,.72492401
4.092,1.3073482
5.617,1.6328488
3.97,1.2563291
11.35,2.3450413
7.31,1.7529976
8.047000000000001,1.7194444
.421,.17113821
.967,.49336735
.797,.32530612
.975,.3362069
.49,.18421053
.903,.40133333
.485,.24619289
.822,.32619048
.517,.29884393
.431,.17663934
.305,.19426752
.657,.30700935
.284,.11050584
.541,.19184397
.209,.1039801
.289,.11747967
.362,.18190955
.43,.23243243
.192,.15609756
.556,.21889764
1.04,.51741294
.258,.12585366
.639,.30428571
.894,.7706896600000001
4.311,2.1447761
.408,.2
1.066,.493
2.294,.991
1.895,.8110000000000001
1.222,.466
.437,.213
.164,.064
.445,.429
.207,.098
.462,.193
.344,.162
.047,.033
2.357,1.026
.204,.617
.491,1.276
2.514,1.069
.455,.837
.365,.538
.026,.147
.681,.248
1.79,.67
1.77,.68
1.67,.6
.77,.32
.88,.39
.92,.37
1.11,.39
1.07,.4
.83,.33
1.41,.54
1.42,.54
1.13,.47
.023,.011
.026,.017
.023,.011
.2308,.16
.2428,.14
.283,.132
.299,.106
.1666,.872
.306,.155
.353,.144
.262,.104
.2037,.09
.251,.126
.178,.062
.215,.103
.231,.107
.174,.068
.172,.058
.241,.095
.1972,.089
.2037,.09
.1779,.062
.1769,.063
.202,.092
.1784,.066
.3162,.16
.1785,.066
.398,.398
.005,.018
.001,.011
.127,.054
4.106,2.421
.305,.143
.032,.02
.015,.012
3.513,2.138
18.713,6.951
48.637,21.522
.267,.129
37.007,20.8
49.024,10.229
61.49,8.837
18.03,14.565
6.32,2.3494424
3.08,2.0397351
2.52,2.5454545
16.66,7.2121212
10.49,6.1705882
16.71,8.525510199999999
8.09,2.3864307
6.48,2.6234818
10.85,5.5076142
5.23,2.7819149
9.07,5.4311377
15.01,6.9813953
11.51,6.6531792
.108,.03941606
.076,.03897436
.022,.05945946
.055,.03767123
.17,.05862069
.055,.03900709
.383,.12120253
1.349,.39260768
.312,.16082474
1.092,.31836735
.151,.06926606
3.196,1.0146032
4.64,2.6363636
.544,.21167315
.374,.19179487
.544,.24285714
.736,.23291139
1.657,.66015936
4.452,1.7123077
1.24,.49799197
.225,.0974026
4.945,2.1314655
.54,.07040417
.147,.06155779
.025,.00909091
.038,.02261905
.098,.03698113
.035,.03804348
.092,.02920635
.091,.05
.617,.22194245
.095,.02051836
16.051,9.6113772
4.489,1.1907162
4.826,2.805814
.4,.22346369
1.393,.54414063
.579,.2392562
.123,.01583012
.056,.05045045
.037,.01010929
.07,.02723735
.5610000000000001,.14458763
2.603,1.277
2.489,1.288
.98,.427
.831,.409
.087,.092
.137,.068
.2,.474
.183,.062
1.094,.457
.095,.048
.388,.078
.112,.18064516
2.659,.23741071
2.723,.23353345
.872,.21320293
.828,.23193277
.837,.23121547
.764,.12302738
1.662,.18758465
.6919999999999999,.28244898
1.264,.16309677
.9,.21428571
.587,.29796954
2.542,.21707942
.718,.12231687
.787,.21922006
1.602,.18498845
1.94,.22823529
.439,.21004785
.796,.13135314
.892,.21545894
.783,.12878289
2.78,.24069264
.875,.21341463
.827,.22351351
.261,.20551181
.721,.15020833
.004,.00083682
1.832,.24723347
1.383,.17074074
.8090000000000001,.20429293
.798,.21
1.033,.23161435
3.3213,.13446559
1.2142,.1558665
.78,.30708661
.541,.25162791
.004,.00082988
.763,.31399177
.721,.15673913
.717,.1484472
2.594,.24379699
3.3943,.2611
.004,.00084567
1.036,.232287
3.876,.28086957
1.053,.22941176
3.292,.12909804
.6840000000000001,.13930754
1.666,.2
.773,.20130208
.806,.21044386
2.714,.26096154
1.039,.23037694
2.648,.26533066
2.736,.27142857
.004,.00083857
.007,.004
.006,.006
2.33,1
.005,.006
.005,.006
.006,.006
1.803,.197
2.915,.435
.164,.024
2.45,.374
2.279,.229
.209,.087
.169,.023
.172,.028
.146,.033
.167,.025
1.688,.142
1.58,.159
.161,.036
.17,.023
1.736,.332
.194,.058
.162,.029
1.961,.182
1.909,.184
.163,.023
.155,.024
2.067,.375
2.041,.189
2.53,.271
2.774,.4
.188,.055
1.995,.265
2.184,.2149
.183,.095
1.912,.179
.229,.037
.153,.093
.176,.033
2.666,.413
.306,.149
.155,.023
2.188,.215
.074,.062
.093,.051
2.608,.263
2.145,.251
.152,.043
2.446,.252
.153,.033
.106,.026
1.255,.117
1.727,.183
.161,.033
.168,.022
3.155,.315
2.394,.317
2.307,.235
.308,.595
2.277,1.082
7.955,8.946999999999999
4.089,2.312
1.336,.522
.914,1.584
1.966,.952
2.245,1.02
1.497,.572
1.751,.8100000000000001
1.579,.87
.669,.507
.533,.222
.52,.231
.712,.916
2.939,3.105
.174,.889
4.001,2.021
6.45,3.024
2.768,3.717
10.975,3.431
3.437,1.871
1.3,1.419
.962,1.642
6.907,3.258
4.57,2.372
.0617,.1526
.2351,.1675
.0579,.1606
.2163,.3705
.8294,.4863
.3949,.3542
.2032,.164
.8247,.4211
.3233,.2373
.0515,.1364
.0426,.1362
.3169,.2346
17.2,9.1450757
137,55.27922
.325,.178
.366,.168
.233,.084
.096,.07
.244,.183
.062,.014
.058,.032
1.502,.654
.369,.163
.366,.168
.227,.126
.484,.226
.485,.279
.338,.181
.366,.178
.361,.16
.336,.144
.395,.219
.132,.084
.065,.055
.001,.004
.008,.014
.164,.049
.006,.021
.161,.134
.162,.052
.195,.046
.111,.105
.146,.072
.001,.002
.04,.011
.085,.036
.106,.037
.008,.007
.024,.011
.11,.02
.182,.048
.111,.037
.195,.046
.062,.055
.132,.033
.042,.028
.098,.041
.084,.022
.093,.039
.082,.059
.028,.094
.077,.039
.065,.038
.068,.047
.195,.046
.031,.041
.177,.053
.082,.056
.5,.04
2.54,.2
2.65,.22
.6,.05
1.06,.42
1.98,.37
2.322,1.014
2.378,.523
1.892,.541
1.711,.166
.517,.16
.343,.09
.451,.094
.576,.083
.314,.145
1.037,.241
.359,.239
.008,.274
.453,.132
.395,.153
.399,.108
.015,.173
.972,.099
.351,.03
.6840000000000001,.084
.423,.048
.715,.089
.538,.107
.305,.059
.899,.094
.52,.098
.512,.047
.518,.061
.328,.06
.337,.111
.497,.063
.103,.113
.373,.062
.886,.185
.55,.103
.459,.087
.74,.155
.701,.096
.318,.057
.766,.145
.58,.063
.07,.05
.14,.17
.49,.09
.47,.07
.11,.15
.5,.11
.45,.07
.15,.09
1.24,.17
1.18,.2
1.14,.15
1.06,.17
1.15,.21
1.23,.14
1.47,.23
1.62,.23
1.61,.22
1.42,.22
1.45,.23
1.25,.23
4.43,.52
4.25,.49
3.55,.32
3.55,.38
4.14,.38
4.39,.36
7.93,1.83
1.19,.31
5.54,2.74
9.26,2.11
1.32,.51
.78,.35
.72,.29
.65,.39
10.11,3.53
5.93,2
1.04,.28
6.35,2.3
.18,.07
1.16,.47
.17,.07
1.02,.45
.16,.07
.024,.015
.21,.07
.23,.07
1.61,.51
.16,.07
.082,.043
1.11,.46
1.74,.51
1.38,.51
7.77,3.52
2.49,.89
2.01,1.09
8.48,4.09
1.43,.9399999999999999
1.7,1.06
8.44,3.6
2.59,.97
1.87,1.16
9.93,4
2.1,.84
2.14,1.06
2.22,1.2
9.68,4.46
2.39,1
1.97,1.17
1.87,.98
8.51,3.88
.4537,.1496
.0006,.0035
.1215,.0357
.747,.169
.55,.267
.645,.133
.632,.248
.582,.247
.544,.177
.632,.225
.503,.208
.429,.233
.405,.217
.664,.25
.031,.122
.061,.122
.118,.115
.117,.149
.032,.119
.036,.123
.44,.377
.44,.202
.204,.402
.482,.248
.705,.194
1.029,.306
1.098,.145
.527,.265
.274,.104
1.028,.346
.577,.471
.384,.184
.5590000000000001,.277
1.465,.229
.642,.333
.535,.176
2.03,.204
2.94,.479
.953,1.72
.507,.176
2.24,.11
4.74,.843
1.1338,.185
.5600000000000001,.263
2.04,.723
.983,.303
.52,.01
1.02,.31
.971,.316
.059,.008
.953,.305
3.04,.661
.405,.113
.774,.705
.401,.096
.492,.379
.215,.115
.189,.029
6.56,1.55
4.04,1.23
1.029,.306
.004,.012
1.49,.575
.004,.009
1.57,.547
.066,.046
1.361,.188
1.47,.62
.396,.186
1.54,.285
.409,.204
.0036,.005
.124,.023
.163,.064
.009,.004
1.465,.229
2.92,.097
1.394,.19
.592,.376
.897,.237
.346,.098
.678,.375
.036,.006
.598,.263
.157,.03
.44,.377
.527,.265
1.11,.162
.384,.184
1.62,.181
.007,.006
.2974,.5570000000000001
1.34,.4
2.01,.541
.06,.012
3.33,.115
.549,.266
.07,.28
.08,.19
.14,.24
.44,.25
.23,.17
.016,.007
.06,.25
1.08,.37
.38,.2
.013,.007
.43,.27
.32,.17
.22,.2
.14,.24
.92,.5
1.33,.5
.26,.26
.18,.24
.67,.31
.82,.36
.37,.31
1.24,.4
.017,.007
.191,.072
.78,.27
3.42,.71
.09,.05
.03,.09
.338,.218
2.69,1.26
3.56,.67
.33,.63
.024,.027
.016,.028
.13,.04
.018,.007
.066,.013
.031,.005
.015,.007
.37,.24
.22,.06
3.91,.72
2.7,1.38
2.75,.62
1.7,.51
1.06,.33
.53,.27
3.02,.522
1.2,.46
.09,.34
1.62,.72
3.41,.76
2.56,.54
1.24,.3
.21,.47
.48,.37
.007,.005
.03,.28
.89,.39
.009,.005
4.46,1.46
3.87,.79
.06,.29
1.23,.35
2.51,1.36
.97,.39
.79,.32
.28,.25
.831,.258
.829,.279
.023,.012
.74,.76
114.08,215.91
41.65,41.32
.962,.266
.79,4.41
.133,.064
.362,.137
.245,.155
.93,.28
.916,.281
.775,.244
4.93,9.289999999999999
23.05,33.81
46,146
.878,.251
1.48,.61
.335,.125
1.17,.6899999999999999
.352,.119
.517,.325
.45,.144
.52,5.11
.455,.115
.4,.55
.245,.124
.2,.91
.293,.129
.82,.79
.783,.241
.019,.014
.54,.41
5.5,2.75
3.33,7.2
.904,.241
1.44,1.26
.1,.49
.608,.232
.203,.056
.455,.156
.19,1.21
.967,.311
.67,4.11
.854,.252
.0311,.001
.1205,.047
.0005,.0004
.003,.097
.216,.059
.4121,.053
.592,.373
.46,.13
.095,.027
.111,.038
.206,.061
.0804,.038
.095,.086
.0399,.3038
.058,.018
.298,.246
.1213,.051
.092,.226
.026,.018
.071,.037
1.346,.956
.0129,.038
.126,.047
.1316,.039
.194,.064
.291,.207
.536,.153
.133,.042
.095,.028
.2589,.044
.2062,.042
1.486,1.007
.497,.15
.452,.175
.0962,.049
1.208,.293
.053,.034
.16,.051
.403,.14
.0009,.037
1.284,.95
.291,.206
.344,.075
.49,.497
.292,.086
.237,.074
.265,.09
.365,.085
.951,.285
.158,.043
11.96,4.59
7.47,2.08
11.26,2.49
7.78,2.11
11.3,4.58
11.11,2.53
7.19,2.31
3.85,1.87
7.64,2.28
9.15,4.23
4.21,1.92
8.880000000000001,4.18
.12,.039
.121,.041
.393,.096
.023,.006
.168,.105
.219,.059
.038,.018
.216,.052
.226,.06
.077,.03
.07,.032
.211,.051
.179,.106
.027,.007
.119,.072
.032,.015
.185,.112
.243,.061
.034,.021
.028,.007
.095,.042
.208,.053
.193,.059
.163,.099
.003,.028
3.03,.55
.96,.18
.17,.21
.75,.23
2.55,.47
1.24,.43
.11,.25
1.24,.43
.99,.39
.91,.49
1.05,.38
.88,.5
.62,.4
.55,.47
.79,.32
.67,.43
.64,.36
.71,.38
.4,.5600000000000001
.66,.35
.39,.46
.79,.32
.72,.35
.63,.37
.119,.031
.085,.021
.075,.058
.097,.023
.087,.021
.118,.031
.142,.032
.067,.043
1.22,2.84
10,3.44
8.869999999999999,3.56
8.59,2.68
2.91,4.21
7.14,3.4
1.65,4.83
8.210000000000001,5.58
8.779999999999999,3.38
1.81,3.11
5.95,3.09
7.37,4.36
.006,.0061
.0056,.0058
.0259,.0114
.0065,.0061
.0263,.0115
.0293,.0127
.36,.168
.699,.131
.293,.069
.16,.079
.382,.098
.713,.134
.195,.108
.746,.14
.165,.107
.001,.001
.405,.032
.002,.001
.001,.001
.479,.041
.323,.031
.252,.038
.079,.209
.208,.234
.07,.074
.166,.118
.174,.098
.459,.176
.321,.1
.889,.364
.339,.301
.493,.128
.592,.169
.804,.26
.052,.164
.514,.13
.583,.147
.289,.128
.403,.192
.208,.248
.605,.184
.572,.125
.614,.25
.113,.103
.189,.09
.195,.077
.167,.068
.339,.128
.181,.188
.222,.144
.152,.109
.336,.106
.292,.151
.361,.143
.742,.198
.521,.177
.104,.136
.367,.115
.143,.12
.012,.115
.103,.085
.572,.262
24.016,3.836
19.969,2.417
28.019,3.051
20.485,2.672
7.066,1.621
14.989,3.02
5.24,1.059
23.439,4.701
14.971,2.873
.3,.01
.01,.00049
.01,.00049
.33,.01
.1,.01
.07,.01
.0047,.0039
.011,.0048
.083,.05
.049,.024
.2,.03
.19,.07
.19,.07
.2,.07
.21,.03
.2,.03
1.14,.2
1.19,.19
.47,.07
.44,.07
1.14,.2
.44,.07
1.1,.13
1.1,.13
.15,.12
1.13,.13
